state_code,state_name,year,total_overdose_deaths,all_opioids_deaths,synthetic_opioid_deaths,psychostimulant_deaths,hrsa_clinic_count,synthetic_surge_velocity_pct,polysubstance_crossover_index,clinic_misalignment_score
AK,Alaska,2015,121,NA,NA,NA,172,NA,NA,0.7
AK,Alaska,2016,129,96,NA,53,172,NA,NA,0.75
AK,Alaska,2017,141,100,37,64,172,NA,1.73,0.82
AK,Alaska,2018,105,65,16,49,172,-56.76,3.062,0.61
AK,Alaska,2019,133,83,23,64,172,43.75,2.783,0.77
AK,Alaska,2020,146,102,61,67,172,165.22,1.098,0.85
AK,Alaska,2021,255,198,150,160,172,145.9,1.067,1.48
AK,Alaska,2022,247,185,156,140,172,4,0.897,1.44
AK,Alaska,2023,357,286,270,198,172,73.08,0.733,2.08
AK,Alaska,2024,339,276,255,202,172,-5.56,0.792,1.97
AK,Alaska,2025,331,238,217,209,172,-14.9,0.963,1.92
AL,Alabama,2015,720,NA,NA,NA,185,NA,NA,3.89
AL,Alabama,2016,740,NA,NA,NA,185,NA,NA,4
AL,Alabama,2017,807,NA,NA,NA,185,NA,NA,4.36
AL,Alabama,2018,740,NA,NA,NA,185,NA,NA,4
AL,Alabama,2019,739,NA,NA,NA,185,NA,NA,3.99
AL,Alabama,2020,989,NA,NA,NA,185,NA,NA,5.35
AL,Alabama,2021,1333,NA,NA,NA,185,NA,NA,7.21
AL,Alabama,2022,1452,1076,971,576,185,NA,0.593,7.85
AL,Alabama,2023,1598,1196,1099,605,185,13.18,0.551,8.64
AL,Alabama,2024,1176,797,714,491,185,-35.03,0.688,6.36
AL,Alabama,2025,865,506,431,348,185,-39.64,0.807,4.68
AR,Arkansas,2015,381,NA,NA,NA,140,NA,NA,2.72
AR,Arkansas,2016,386,NA,NA,NA,140,NA,NA,2.76
AR,Arkansas,2017,425,NA,NA,NA,140,NA,NA,3.04
AR,Arkansas,2018,433,NA,NA,NA,140,NA,NA,3.09
AR,Arkansas,2019,362,NA,NA,NA,140,NA,NA,2.59
AR,Arkansas,2020,514,NA,NA,NA,140,NA,NA,3.67
AR,Arkansas,2021,627,NA,NA,NA,140,NA,NA,4.48
AR,Arkansas,2022,591,359,292,246,140,NA,0.842,4.22
AR,Arkansas,2023,517,312,269,206,140,-7.88,0.766,3.69
AR,Arkansas,2024,389,163,125,192,140,-53.53,1.536,2.78
AR,Arkansas,2025,373,160,114,160,140,-8.8,1.404,2.66
AZ,Arizona,2015,1267,NA,NA,NA,240,NA,NA,5.28
AZ,Arizona,2016,1393,NA,NA,NA,240,NA,NA,5.8
AZ,Arizona,2017,1555,936,263,581,240,NA,2.209,6.48
AZ,Arizona,2018,1730,1134,527,612,240,100.38,1.161,7.21
AZ,Arizona,2019,1981,1326,824,765,240,56.36,0.928,8.25
AZ,Arizona,2020,2644,1928,1519,1078,240,84.34,0.71,11.02
AZ,Arizona,2021,2780,2034,1792,1296,240,17.97,0.723,11.58
AZ,Arizona,2022,2737,1965,1776,1401,240,-0.89,0.789,11.4
AZ,Arizona,2023,2720,2009,1836,1447,240,3.38,0.788,11.33
AZ,Arizona,2024,2531,1727,1525,1545,240,-16.94,1.013,10.55
AZ,Arizona,2025,2978,2238,2018,1775,240,32.33,0.88,12.41
CA,California,2015,4762,NA,NA,NA,1420,NA,NA,3.35
CA,California,2016,4755,NA,NA,NA,1420,NA,NA,3.35
CA,California,2017,5028,NA,NA,NA,1420,NA,NA,3.54
CA,California,2018,5494,NA,NA,NA,1420,NA,NA,3.87
CA,California,2019,6363,3324,1727,3001,1420,NA,1.738,4.48
CA,California,2020,9209,5707,4195,4644,1420,142.91,1.107,6.49
CA,California,2021,11398,7538,6411,6096,1420,52.82,0.951,8.03
CA,California,2022,11761,7929,7045,6424,1420,9.89,0.912,8.28
CA,California,2023,12369,8653,7954,6928,1420,12.9,0.871,8.71
CA,California,2024,9687,5929,5265,5685,1420,-33.81,1.08,6.82
CA,California,2025,9017,5329,4632,5251,1420,-12.02,1.134,6.35
CO,Colorado,2015,913,NA,NA,NA,235,NA,NA,3.89
CO,Colorado,2016,965,NA,NA,NA,235,NA,NA,4.11
CO,Colorado,2017,1040,NA,NA,NA,235,NA,NA,4.43
CO,Colorado,2018,1004,568,130,330,235,NA,2.538,4.27
CO,Colorado,2019,1100,644,251,367,235,93.08,1.462,4.68
CO,Colorado,2020,1512,987,586,537,235,133.47,0.916,6.43
CO,Colorado,2021,1917,1300,987,760,235,68.43,0.77,8.16
CO,Colorado,2022,1856,1207,992,728,235,0.51,0.734,7.9
CO,Colorado,2023,1926,1348,1184,846,235,19.35,0.715,8.2
CO,Colorado,2024,1640,1016,817,815,235,-31,0.998,6.98
CO,Colorado,2025,1817,1223,1043,877,235,27.66,0.841,7.73
CT,Connecticut,2015,799,686,214,23,115,NA,0.107,6.95
CT,Connecticut,2016,974,869,508,22,115,137.38,0.043,8.47
CT,Connecticut,2017,1080,967,696,39,115,37.01,0.056,9.39
CT,Connecticut,2018,1070,957,779,66,115,11.93,0.085,9.3
CT,Connecticut,2019,1231,1119,974,69,115,25.03,0.071,10.7
CT,Connecticut,2020,1385,1258,1150,91,115,18.07,0.079,12.04
CT,Connecticut,2021,1562,1411,1303,92,115,13.3,0.071,13.58
CT,Connecticut,2022,1476,1345,1253,77,115,-3.84,0.061,12.83
CT,Connecticut,2023,1330,1202,1121,81,115,-10.53,0.072,11.57
CT,Connecticut,2024,998,858,766,66,115,-31.67,0.086,8.68
CT,Connecticut,2025,854,682,584,59,115,-23.76,0.101,7.43
DC,District of Columbia,2015,144,112,28,NA,65,NA,NA,2.22
DC,District of Columbia,2016,300,230,147,NA,65,425,NA,4.62
DC,District of Columbia,2017,348,271,203,14,65,38.1,0.069,5.35
DC,District of Columbia,2018,295,213,182,NA,65,-10.34,NA,4.54
DC,District of Columbia,2019,367,281,255,12,65,40.11,0.047,5.65
DC,District of Columbia,2020,511,409,384,12,65,50.59,0.031,7.86
DC,District of Columbia,2021,541,418,397,15,65,3.39,0.038,8.32
DC,District of Columbia,2022,575,452,433,18,65,9.07,0.042,8.85
DC,District of Columbia,2023,635,507,493,39,65,13.86,0.079,9.77
DC,District of Columbia,2024,408,328,315,46,65,-36.11,0.146,6.28
DC,District of Columbia,2025,354,229,222,32,65,-29.52,0.144,5.45
DE,Delaware,2015,195,NA,NA,NA,42,NA,NA,4.64
DE,Delaware,2016,285,NA,NA,NA,42,NA,NA,6.79
DE,Delaware,2017,341,NA,NA,NA,42,NA,NA,8.12
DE,Delaware,2018,399,361,300,13,42,NA,0.043,9.5
DE,Delaware,2019,423,382,336,22,42,12,0.065,10.07
DE,Delaware,2020,449,411,367,50,42,9.23,0.136,10.69
DE,Delaware,2021,502,447,409,52,42,11.44,0.127,11.95
DE,Delaware,2022,544,485,450,64,42,10.02,0.142,12.95
DE,Delaware,2023,527,466,442,57,42,-1.78,0.129,12.55
DE,Delaware,2024,351,299,269,47,42,-39.14,0.175,8.36
DE,Delaware,2025,327,260,234,30,42,-13.01,0.128,7.79
FL,Florida,2015,3352,NA,NA,NA,780,NA,NA,4.3
FL,Florida,2016,4996,NA,NA,NA,780,NA,NA,6.41
FL,Florida,2017,5440,NA,NA,NA,780,NA,NA,6.97
FL,Florida,2018,4936,NA,NA,NA,780,NA,NA,6.33
FL,Florida,2019,5524,3981,3039,842,780,NA,0.277,7.08
FL,Florida,2020,7568,NA,NA,NA,780,NA,NA,9.7
FL,Florida,2021,8163,6196,5602,1967,780,NA,0.351,10.47
FL,Florida,2022,7894,5833,5326,1989,780,-4.93,0.373,10.12
FL,Florida,2023,7330,5260,4801,1926,780,-9.86,0.401,9.4
FL,Florida,2024,5151,NA,NA,NA,780,NA,NA,6.6
FL,Florida,2025,4071,2340,1940,1100,780,NA,0.567,5.22
GA,Georgia,2015,1308,868,293,224,290,NA,0.765,4.51
GA,Georgia,2016,1370,911,271,243,290,-7.51,0.897,4.72
GA,Georgia,2017,1516,1003,406,363,290,49.82,0.894,5.23
GA,Georgia,2018,1375,853,330,388,290,-18.72,1.176,4.74
GA,Georgia,2019,1378,837,383,438,290,16.06,1.144,4.75
GA,Georgia,2020,1868,1259,856,584,290,123.5,0.682,6.44
GA,Georgia,2021,2438,1734,1379,962,290,61.1,0.698,8.41
GA,Georgia,2022,2619,1917,1657,937,290,20.16,0.565,9.03
GA,Georgia,2023,2520,1843,1642,963,290,-0.91,0.586,8.69
GA,Georgia,2024,2010,1265,1074,774,290,-34.59,0.721,6.93
GA,Georgia,2025,1655,923,753,638,290,-29.89,0.847,5.71
HI,Hawaii,2015,171,NA,NA,NA,85,NA,NA,2.01
HI,Hawaii,2016,199,82,11,104,85,NA,9.455,2.34
HI,Hawaii,2017,202,NA,NA,NA,85,NA,NA,2.38
HI,Hawaii,2018,212,58,15,148,85,NA,9.867,2.49
HI,Hawaii,2019,245,56,19,172,85,26.67,9.053,2.88
HI,Hawaii,2020,276,73,34,197,85,78.95,5.794,3.25
HI,Hawaii,2021,267,88,48,179,85,41.18,3.729,3.14
HI,Hawaii,2022,283,103,75,180,85,56.25,2.4,3.33
HI,Hawaii,2023,321,130,110,196,85,46.67,1.782,3.78
HI,Hawaii,2024,337,127,108,237,85,-1.82,2.194,3.96
HI,Hawaii,2025,315,89,77,219,85,-28.7,2.844,3.71
IA,Iowa,2015,300,164,44,62,110,NA,1.409,2.73
IA,Iowa,2016,314,180,55,78,110,25,1.418,2.85
IA,Iowa,2017,341,206,97,96,110,76.36,0.99,3.1
IA,Iowa,2018,277,138,78,94,110,-19.59,1.205,2.52
IA,Iowa,2019,350,157,101,163,110,29.49,1.614,3.18
IA,Iowa,2020,419,213,162,164,110,60.4,1.012,3.81
IA,Iowa,2021,471,258,213,196,110,31.48,0.92,4.28
IA,Iowa,2022,473,237,203,210,110,-4.69,1.034,4.3
IA,Iowa,2023,447,238,194,219,110,-4.43,1.129,4.06
IA,Iowa,2024,427,172,125,242,110,-35.57,1.936,3.88
IA,Iowa,2025,372,125,79,205,110,-36.8,2.595,3.38
ID,Idaho,2015,214,NA,NA,NA,80,NA,NA,2.67
ID,Idaho,2016,228,NA,NA,NA,80,NA,NA,2.85
ID,Idaho,2017,234,NA,NA,NA,80,NA,NA,2.92
ID,Idaho,2018,243,NA,NA,NA,80,NA,NA,3.04
ID,Idaho,2019,264,NA,NA,NA,80,NA,NA,3.3
ID,Idaho,2020,280,NA,NA,NA,80,NA,NA,3.5
ID,Idaho,2021,345,226,150,131,80,NA,0.873,4.31
ID,Idaho,2022,362,251,186,124,80,24,0.667,4.53
ID,Idaho,2023,367,251,200,143,80,7.53,0.715,4.59
ID,Idaho,2024,326,196,125,134,80,-37.5,1.072,4.08
ID,Idaho,2025,294,182,119,120,80,-4.8,1.008,3.67
IL,Illinois,2015,1864,1419,277,56,410,NA,0.202,4.55
IL,Illinois,2016,2427,1985,927,107,410,234.66,0.115,5.92
IL,Illinois,2017,2765,2214,1260,160,410,35.92,0.127,6.74
IL,Illinois,2018,2732,2193,1593,243,410,26.43,0.153,6.66
IL,Illinois,2019,2775,2232,1714,240,410,7.6,0.14,6.77
IL,Illinois,2020,3531,2953,2478,411,410,44.57,0.166,8.61
IL,Illinois,2021,3786,3102,2758,532,410,11.3,0.193,9.23
IL,Illinois,2022,3863,3213,2946,523,410,6.82,0.178,9.42
IL,Illinois,2023,3537,2907,2654,541,410,-9.91,0.204,8.63
IL,Illinois,2024,2521,1873,1668,398,410,-37.15,0.239,6.15
IL,Illinois,2025,1961,1285,1084,330,410,-35.01,0.304,4.78
IN,Indiana,2015,1232,NA,NA,NA,220,NA,NA,5.6
IN,Indiana,2016,1506,NA,NA,NA,220,NA,NA,6.85
IN,Indiana,2017,1835,NA,NA,NA,220,NA,NA,8.34
IN,Indiana,2018,1612,NA,NA,NA,220,NA,NA,7.33
IN,Indiana,2019,1704,1256,908,520,220,NA,0.573,7.75
IN,Indiana,2020,2267,1828,1600,701,220,76.21,0.438,10.3
IN,Indiana,2021,2789,2181,1985,976,220,24.06,0.492,12.68
IN,Indiana,2022,2666,2051,1898,955,220,-4.38,0.503,12.12
IN,Indiana,2023,2193,1663,1550,775,220,-18.34,0.5,9.97
IN,Indiana,2024,1695,1151,1044,640,220,-32.65,0.613,7.7
IN,Indiana,2025,1395,838,716,482,220,-31.42,0.673,6.34
KS,Kansas,2015,323,NA,NA,NA,95,NA,NA,3.4
KS,Kansas,2016,313,NA,NA,NA,95,NA,NA,3.29
KS,Kansas,2017,323,NA,NA,NA,95,NA,NA,3.4
KS,Kansas,2018,341,NA,NA,NA,95,NA,NA,3.59
KS,Kansas,2019,380,171,68,154,95,NA,2.265,4
KS,Kansas,2020,473,252,159,184,95,133.82,1.157,4.98
KS,Kansas,2021,682,432,344,287,95,116.35,0.834,7.18
KS,Kansas,2022,755,509,421,331,95,22.38,0.786,7.95
KS,Kansas,2023,641,414,347,266,95,-17.58,0.767,6.75
KS,Kansas,2024,560,346,286,256,95,-17.58,0.895,5.89
KS,Kansas,2025,528,285,228,258,95,-20.28,1.132,5.56
KY,Kentucky,2015,1248,NA,NA,NA,260,NA,NA,4.8
KY,Kentucky,2016,1437,NA,NA,NA,260,NA,NA,5.53
KY,Kentucky,2017,1566,NA,NA,NA,260,NA,NA,6.02
KY,Kentucky,2018,1336,1001,743,373,260,NA,0.502,5.14
KY,Kentucky,2019,1369,1024,815,465,260,9.69,0.571,5.27
KY,Kentucky,2020,2104,1709,1522,753,260,86.75,0.495,8.09
KY,Kentucky,2021,2397,1912,1731,1063,260,13.73,0.614,9.22
KY,Kentucky,2022,2309,1803,1650,1049,260,-4.68,0.636,8.88
KY,Kentucky,2023,2131,1662,1509,937,260,-8.55,0.621,8.2
KY,Kentucky,2024,1538,1063,934,698,260,-38.1,0.747,5.92
KY,Kentucky,2025,1177,706,552,545,260,-40.9,0.987,4.53
LA,Louisiana,2015,875,NA,NA,NA,230,NA,NA,3.8
LA,Louisiana,2016,1004,NA,NA,NA,230,NA,NA,4.37
LA,Louisiana,2017,1102,NA,NA,NA,230,NA,NA,4.79
LA,Louisiana,2018,1167,NA,NA,NA,230,NA,NA,5.07
LA,Louisiana,2019,1304,NA,NA,NA,230,NA,NA,5.67
LA,Louisiana,2020,1929,NA,NA,NA,230,NA,NA,8.39
LA,Louisiana,2021,2512,NA,NA,NA,230,NA,NA,10.92
LA,Louisiana,2022,2433,NA,NA,NA,230,NA,NA,10.58
LA,Louisiana,2023,2255,NA,NA,NA,230,NA,NA,9.8
LA,Louisiana,2024,1503,NA,NA,NA,230,NA,NA,6.53
LA,Louisiana,2025,1207,NA,NA,NA,230,NA,NA,5.25
MA,Massachusetts,2015,1723,1549,957,43,310,NA,0.045,5.56
MA,Massachusetts,2016,2198,1978,1552,39,310,62.17,0.025,7.09
MA,Massachusetts,2017,2138,1896,1645,61,310,5.99,0.037,6.9
MA,Massachusetts,2018,2238,1996,1813,70,310,10.21,0.039,7.22
MA,Massachusetts,2019,2215,1977,1876,95,310,3.47,0.051,7.15
MA,Massachusetts,2020,2296,2059,1942,165,310,3.52,0.085,7.41
MA,Massachusetts,2021,2555,2238,2150,213,310,10.71,0.099,8.24
MA,Massachusetts,2022,2647,2334,2230,211,310,3.72,0.095,8.54
MA,Massachusetts,2023,2380,2104,2008,216,310,-9.96,0.108,7.68
MA,Massachusetts,2024,1598,1341,1257,168,310,-37.4,0.134,5.15
MA,Massachusetts,2025,1337,981,879,153,310,-30.07,0.174,4.31
MD,Maryland,2015,1320,1130,373,25,160,NA,0.067,8.25
MD,Maryland,2016,2074,1866,1122,46,160,200.8,0.041,12.96
MD,Maryland,2017,2284,2037,1598,51,160,42.42,0.032,14.28
MD,Maryland,2018,2393,2150,1890,66,160,18.27,0.035,14.96
MD,Maryland,2019,2360,2117,1926,74,160,1.9,0.038,14.75
MD,Maryland,2020,2761,2509,2335,126,160,21.24,0.054,17.26
MD,Maryland,2021,2724,2457,2297,121,160,-1.63,0.053,17.02
MD,Maryland,2022,2523,2212,2047,127,160,-10.88,0.062,15.77
MD,Maryland,2023,2493,2176,2034,124,160,-0.64,0.061,15.58
MD,Maryland,2024,1750,1457,1309,102,160,-35.64,0.078,10.94
MD,Maryland,2025,1386,1087,936,89,160,-28.5,0.095,8.66
ME,Maine,2015,267,235,110,22,90,NA,0.2,2.97
ME,Maine,2016,357,306,204,31,90,85.45,0.152,3.97
ME,Maine,2017,409,348,262,40,90,28.43,0.153,4.54
ME,Maine,2018,338,277,226,42,90,-13.74,0.186,3.76
ME,Maine,2019,362,317,278,67,90,23.01,0.241,4.02
ME,Maine,2020,490,415,359,122,90,29.14,0.34,5.44
ME,Maine,2021,620,552,501,198,90,39.55,0.395,6.89
ME,Maine,2022,706,622,573,232,90,14.37,0.405,7.84
ME,Maine,2023,592,512,487,193,90,-15.01,0.396,6.58
ME,Maine,2024,478,385,346,180,90,-28.95,0.52,5.31
ME,Maine,2025,376,275,222,128,90,-35.84,0.577,4.18
MI,Michigan,2015,1973,NA,NA,NA,340,NA,NA,5.8
MI,Michigan,2016,2342,NA,NA,NA,340,NA,NA,6.89
MI,Michigan,2017,2665,NA,NA,NA,340,NA,NA,7.84
MI,Michigan,2018,2575,2009,1535,165,340,NA,0.107,7.57
MI,Michigan,2019,2358,NA,NA,NA,340,NA,NA,6.94
MI,Michigan,2020,2750,2185,1929,385,340,NA,0.2,8.09
MI,Michigan,2021,3092,2546,2295,516,340,18.97,0.225,9.09
MI,Michigan,2022,2969,2409,2215,480,340,-3.49,0.217,8.73
MI,Michigan,2023,2885,2306,2148,496,340,-3.02,0.231,8.49
MI,Michigan,2024,1945,1355,1181,356,340,-45.02,0.301,5.72
MI,Michigan,2025,1760,1154,959,313,340,-18.8,0.326,5.18
MN,Minnesota,2015,592,NA,NA,NA,125,NA,NA,4.74
MN,Minnesota,2016,664,NA,NA,NA,125,NA,NA,5.31
MN,Minnesota,2017,728,NA,NA,NA,125,NA,NA,5.82
MN,Minnesota,2018,639,NA,NA,NA,125,NA,NA,5.11
MN,Minnesota,2019,788,NA,NA,NA,125,NA,NA,6.3
MN,Minnesota,2020,1065,NA,NA,NA,125,NA,NA,8.52
MN,Minnesota,2021,1344,964,868,477,125,NA,0.55,10.75
MN,Minnesota,2022,1392,1039,958,518,125,10.37,0.541,11.14
MN,Minnesota,2023,1341,1003,944,563,125,-1.46,0.596,10.73
MN,Minnesota,2024,994,678,610,389,125,-35.38,0.638,7.95
MN,Minnesota,2025,1025,671,576,430,125,-5.57,0.747,8.2
MO,Missouri,2015,1087,NA,NA,NA,280,NA,NA,3.88
MO,Missouri,2016,1386,NA,NA,NA,280,NA,NA,4.95
MO,Missouri,2017,1398,NA,NA,NA,280,NA,NA,4.99
MO,Missouri,2018,1635,1153,881,369,280,NA,0.419,5.84
MO,Missouri,2019,1603,1105,897,450,280,1.82,0.502,5.72
MO,Missouri,2020,1915,1411,1236,570,280,37.79,0.461,6.84
MO,Missouri,2021,2195,1614,1477,728,280,19.5,0.493,7.84
MO,Missouri,2022,2212,1605,1486,741,280,0.61,0.499,7.9
MO,Missouri,2023,2014,1476,1381,734,280,-7.07,0.531,7.19
MO,Missouri,2024,1482,934,839,569,280,-39.25,0.678,5.29
MO,Missouri,2025,1238,729,644,499,280,-23.24,0.775,4.42
MS,Mississippi,2015,333,NA,NA,NA,195,NA,NA,1.71
MS,Mississippi,2016,332,NA,NA,NA,195,NA,NA,1.7
MS,Mississippi,2017,329,NA,NA,NA,195,NA,NA,1.69
MS,Mississippi,2018,290,NA,NA,NA,195,NA,NA,1.49
MS,Mississippi,2019,365,231,130,125,195,NA,0.962,1.87
MS,Mississippi,2020,532,369,280,211,195,115.38,0.754,2.73
MS,Mississippi,2021,746,531,453,314,195,61.79,0.693,3.83
MS,Mississippi,2022,702,497,435,302,195,-3.97,0.694,3.6
MS,Mississippi,2023,633,446,400,275,195,-8.05,0.688,3.25
MS,Mississippi,2024,491,287,250,238,195,-37.5,0.952,2.52
MS,Mississippi,2025,451,248,192,185,195,-23.2,0.964,2.31
MT,Montana,2015,131,NA,NA,NA,85,NA,NA,1.54
MT,Montana,2016,114,NA,NA,NA,85,NA,NA,1.34
MT,Montana,2017,118,NA,NA,NA,85,NA,NA,1.39
MT,Montana,2018,117,NA,NA,NA,85,NA,NA,1.38
MT,Montana,2019,139,NA,NA,NA,85,NA,NA,1.64
MT,Montana,2020,157,85,30,65,85,NA,2.167,1.85
MT,Montana,2021,189,108,64,79,85,113.33,1.234,2.22
MT,Montana,2022,191,116,89,82,85,39.06,0.921,2.25
MT,Montana,2023,184,126,95,90,85,6.74,0.947,2.16
MT,Montana,2024,171,96,73,82,85,-23.16,1.123,2.01
MT,Montana,2025,175,116,91,90,85,24.66,0.989,2.06
NC,North Carolina,2015,1537,1159,301,62,380,NA,0.206,4.04
NC,North Carolina,2016,1931,1497,591,113,380,96.35,0.191,5.08
NC,North Carolina,2017,2369,1921,1270,170,380,114.89,0.134,6.23
NC,North Carolina,2018,2246,1781,1280,254,380,0.79,0.198,5.91
NC,North Carolina,2019,2236,1793,1344,334,380,5,0.249,5.88
NC,North Carolina,2020,3121,2602,2252,578,380,67.56,0.257,8.21
NC,North Carolina,2021,3900,3285,3008,944,380,33.57,0.314,10.26
NC,North Carolina,2022,4255,3602,3339,1290,380,11,0.386,11.2
NC,North Carolina,2023,3489,NA,NA,NA,380,NA,NA,9.18
NC,North Carolina,2024,2771,2132,1951,834,380,NA,0.427,7.29
NC,North Carolina,2025,2019,1468,1296,599,380,-33.57,0.462,5.31
ND,North Dakota,2015,66,NA,NA,NA,45,NA,NA,1.47
ND,North Dakota,2016,80,NA,NA,NA,45,NA,NA,1.78
ND,North Dakota,2017,76,NA,NA,NA,45,NA,NA,1.69
ND,North Dakota,2018,70,NA,NA,NA,45,NA,NA,1.56
ND,North Dakota,2019,90,NA,NA,NA,45,NA,NA,2
ND,North Dakota,2020,123,NA,NA,NA,45,NA,NA,2.73
ND,North Dakota,2021,136,NA,NA,NA,45,NA,NA,3.02
ND,North Dakota,2022,141,NA,NA,NA,45,NA,NA,3.13
ND,North Dakota,2023,127,94,83,39,45,NA,0.47,2.82
ND,North Dakota,2024,120,NA,NA,NA,45,NA,NA,2.67
ND,North Dakota,2025,130,84,56,37,45,NA,0.661,2.89
NE,Nebraska,2015,123,NA,NA,NA,70,NA,NA,1.76
NE,Nebraska,2016,113,NA,NA,NA,70,NA,NA,1.61
NE,Nebraska,2017,157,NA,NA,NA,70,NA,NA,2.24
NE,Nebraska,2018,140,NA,NA,NA,70,NA,NA,2
NE,Nebraska,2019,146,NA,NA,NA,70,NA,NA,2.09
NE,Nebraska,2020,210,NA,NA,NA,70,NA,NA,3
NE,Nebraska,2021,218,116,92,63,70,NA,0.685,3.11
NE,Nebraska,2022,223,NA,NA,NA,70,NA,NA,3.19
NE,Nebraska,2023,171,80,62,58,70,NA,0.935,2.44
NE,Nebraska,2024,145,NA,NA,NA,70,NA,NA,2.07
NE,Nebraska,2025,146,61,29,40,70,NA,1.379,2.09
NH,New Hampshire,2015,415,378,285,NA,55,NA,NA,7.55
NH,New Hampshire,2016,458,415,347,12,55,21.75,0.035,8.33
NH,New Hampshire,2017,478,434,387,23,55,11.53,0.059,8.69
NH,New Hampshire,2018,446,406,379,29,55,-2.07,0.077,8.11
NH,New Hampshire,2019,395,354,334,58,55,-11.87,0.174,7.18
NH,New Hampshire,2020,393,347,324,60,55,-2.99,0.185,7.15
NH,New Hampshire,2021,433,377,345,64,55,6.48,0.186,7.87
NH,New Hampshire,2022,484,428,413,106,55,19.71,0.257,8.8
NH,New Hampshire,2023,430,389,369,65,55,-10.65,0.176,7.82
NH,New Hampshire,2024,282,246,222,43,55,-39.84,0.194,5.13
NH,New Hampshire,2025,269,200,178,48,55,-19.82,0.27,4.89
NJ,New Jersey,2015,1423,NA,NA,NA,180,NA,NA,7.91
NJ,New Jersey,2016,1971,NA,NA,NA,180,NA,NA,10.95
NJ,New Jersey,2017,2621,NA,NA,NA,180,NA,NA,14.56
NJ,New Jersey,2018,2857,2564,2213,143,180,NA,0.065,15.87
NJ,New Jersey,2019,2774,2487,2213,199,180,0,0.09,15.41
NJ,New Jersey,2020,2817,2532,2324,262,180,5.02,0.113,15.65
NJ,New Jersey,2021,3009,2638,2466,285,180,6.11,0.116,16.72
NJ,New Jersey,2022,2945,2606,2462,343,180,-0.16,0.139,16.36
NJ,New Jersey,2023,2667,2321,2172,256,180,-11.78,0.118,14.82
NJ,New Jersey,2024,1951,1598,1479,217,180,-31.91,0.147,10.84
NJ,New Jersey,2025,1575,1239,1094,148,180,-26.03,0.135,8.75
NM,New Mexico,2015,496,353,41,118,175,NA,2.878,2.83
NM,New Mexico,2016,494,356,78,135,175,90.24,1.731,2.82
NM,New Mexico,2017,494,336,75,159,175,-3.85,2.12,2.82
NM,New Mexico,2018,525,334,103,211,175,37.33,2.049,3
NM,New Mexico,2019,609,405,156,278,175,51.46,1.782,3.48
NM,New Mexico,2020,792,532,315,342,175,101.92,1.086,4.53
NM,New Mexico,2021,1040,746,595,541,175,88.89,0.909,5.94
NM,New Mexico,2022,1007,722,640,498,175,7.56,0.778,5.75
NM,New Mexico,2023,994,719,655,504,175,2.34,0.769,5.68
NM,New Mexico,2024,784,502,428,453,175,-34.66,1.058,4.48
NM,New Mexico,2025,960,682,617,570,175,44.16,0.924,5.49
NV,Nevada,2015,665,446,36,190,95,NA,5.278,7
NV,Nevada,2016,707,423,50,257,95,38.89,5.14,7.44
NV,Nevada,2017,756,438,74,310,95,48,4.189,7.96
NV,Nevada,2018,741,396,86,351,95,16.22,4.081,7.8
NV,Nevada,2019,710,411,123,336,95,43.02,2.732,7.47
NV,Nevada,2020,915,597,300,442,95,143.9,1.473,9.63
NV,Nevada,2021,1039,622,364,536,95,21.33,1.473,10.94
NV,Nevada,2022,1127,694,491,633,95,34.89,1.289,11.86
NV,Nevada,2023,1400,935,772,798,95,57.23,1.034,14.74
NV,Nevada,2024,1473,937,799,898,95,3.5,1.124,15.51
NV,Nevada,2025,1229,NA,NA,NA,95,NA,NA,12.94
NY,New York,2015,1802,1452,532,36,890,NA,0.068,2.02
NY,New York,2016,2248,1928,1095,90,890,105.83,0.082,2.53
NY,New York,2017,2444,2063,1455,126,890,32.88,0.087,2.75
NY,New York,2018,2236,1856,1364,111,890,-6.25,0.081,2.51
NY,New York,2019,2086,1700,1344,148,890,-1.47,0.11,2.34
NY,New York,2020,2874,2451,2142,286,890,59.38,0.134,3.23
NY,New York,2021,3170,2678,2432,357,890,13.54,0.147,3.56
NY,New York,2022,3401,2841,2592,440,890,6.58,0.17,3.82
NY,New York,2023,3408,2870,2656,440,890,2.47,0.166,3.83
NY,New York,2024,2331,1750,1555,346,890,-41.45,0.223,2.62
NY,New York,2025,1777,1209,1015,245,890,-34.73,0.241,2
OH,Ohio,2015,3336,2733,1244,112,390,NA,0.09,8.55
OH,Ohio,2016,4326,3627,2305,242,390,85.29,0.105,11.09
OH,Ohio,2017,5138,4327,3550,551,390,54.01,0.155,13.17
OH,Ohio,2018,4004,3259,2818,576,390,-20.62,0.204,10.27
OH,Ohio,2019,4279,3484,3150,838,390,11.78,0.266,10.97
OH,Ohio,2020,5215,4397,4126,1069,390,30.98,0.259,13.37
OH,Ohio,2021,5405,4479,4209,1361,390,2.01,0.323,13.86
OH,Ohio,2022,5144,4237,3997,1374,390,-5.04,0.344,13.19
OH,Ohio,2023,4745,3810,3600,1306,390,-9.93,0.363,12.17
OH,Ohio,2024,3144,2276,2084,850,390,-42.11,0.408,8.06
OH,Ohio,2025,2452,1552,1344,631,390,-35.51,0.469,6.29
OK,Oklahoma,2015,722,427,92,199,150,NA,2.163,4.81
OK,Oklahoma,2016,803,432,95,267,150,3.26,2.811,5.35
OK,Oklahoma,2017,770,387,97,278,150,2.11,2.866,5.13
OK,Oklahoma,2018,703,300,71,327,150,-26.8,4.606,4.69
OK,Oklahoma,2019,618,249,70,317,150,-1.41,4.529,4.12
OK,Oklahoma,2020,746,305,138,413,150,97.14,2.993,4.97
OK,Oklahoma,2021,934,444,318,512,150,130.43,1.61,6.23
OK,Oklahoma,2022,1183,740,626,627,150,96.86,1.002,7.89
OK,Oklahoma,2023,1258,826,745,659,150,19.01,0.885,8.39
OK,Oklahoma,2024,1017,595,515,594,150,-30.87,1.153,6.78
OK,Oklahoma,2025,857,476,399,484,150,-22.52,1.213,5.71
OR,Oregon,2015,497,328,33,124,270,NA,3.758,1.84
OR,Oregon,2016,496,306,41,149,270,24.24,3.634,1.84
OR,Oregon,2017,534,344,86,175,270,109.76,2.035,1.98
OR,Oregon,2018,556,346,96,225,270,11.63,2.344,2.06
OR,Oregon,2019,610,326,83,294,270,-13.54,3.542,2.26
OR,Oregon,2020,797,495,239,365,270,187.95,1.527,2.95
OR,Oregon,2021,1181,783,532,621,270,122.59,1.167,4.37
OR,Oregon,2022,1387,991,859,767,270,61.47,0.893,5.14
OR,Oregon,2023,1851,1454,1338,1125,270,55.76,0.841,6.86
OR,Oregon,2024,1529,1106,998,935,270,-25.41,0.937,5.66
OR,Oregon,2025,1054,NA,NA,NA,270,NA,NA,3.9
PA,Pennsylvania,2015,3263,NA,NA,NA,340,NA,NA,9.6
PA,Pennsylvania,2016,4648,NA,NA,NA,340,NA,NA,13.67
PA,Pennsylvania,2017,5434,NA,NA,NA,340,NA,NA,15.98
PA,Pennsylvania,2018,4415,NA,NA,NA,340,NA,NA,12.99
PA,Pennsylvania,2019,4444,NA,NA,NA,340,NA,NA,13.07
PA,Pennsylvania,2020,5178,NA,NA,NA,340,NA,NA,15.23
PA,Pennsylvania,2021,5444,NA,NA,NA,340,NA,NA,16.01
PA,Pennsylvania,2022,5212,NA,NA,NA,340,NA,NA,15.33
PA,Pennsylvania,2023,4746,NA,NA,NA,340,NA,NA,13.96
PA,Pennsylvania,2024,3360,2291,2082,645,340,NA,0.31,9.88
PA,Pennsylvania,2025,2852,1841,1639,556,340,-21.28,0.339,8.39
PR,Puerto Rico,2015,32,NA,NA,NA,210,NA,NA,0.15
PR,Puerto Rico,2016,49,NA,NA,NA,210,NA,NA,0.23
PR,Puerto Rico,2017,63,NA,NA,NA,210,NA,NA,0.3
PR,Puerto Rico,2018,63,NA,NA,NA,210,NA,NA,0.3
PR,Puerto Rico,2019,175,NA,NA,NA,210,NA,NA,0.83
PR,Puerto Rico,2020,156,NA,NA,NA,210,NA,NA,0.74
PR,Puerto Rico,2021,639,547,532,0,210,NA,0,3.04
PR,Puerto Rico,2022,792,692,686,NA,210,28.95,NA,3.77
PR,Puerto Rico,2023,769,628,621,NA,210,-9.48,NA,3.66
PR,Puerto Rico,2024,608,476,468,NA,210,-24.64,NA,2.9
PR,Puerto Rico,2025,457,310,304,NA,210,-35.04,NA,2.18
RI,Rhode Island,2015,319,268,144,NA,40,NA,NA,7.97
RI,Rhode Island,2016,346,297,197,11,40,36.81,0.056,8.65
RI,Rhode Island,2017,332,284,208,13,40,5.58,0.062,8.3
RI,Rhode Island,2018,331,280,226,14,40,8.65,0.062,8.28
RI,Rhode Island,2019,317,252,213,20,40,-5.75,0.094,7.92
RI,Rhode Island,2020,397,330,291,35,40,36.62,0.12,9.93
RI,Rhode Island,2021,460,387,346,58,40,18.9,0.168,11.5
RI,Rhode Island,2022,452,357,330,46,40,-4.62,0.139,11.3
RI,Rhode Island,2023,416,345,315,44,40,-4.55,0.14,10.4
RI,Rhode Island,2024,333,232,202,38,40,-35.87,0.188,8.32
RI,Rhode Island,2025,219,161,136,26,40,-32.67,0.191,5.47
SC,South Carolina,2015,736,537,153,86,210,NA,0.562,3.5
SC,South Carolina,2016,871,613,234,129,210,52.94,0.551,4.15
SC,South Carolina,2017,1001,748,397,194,210,69.66,0.489,4.77
SC,South Carolina,2018,1106,818,497,243,210,25.19,0.489,5.27
SC,South Carolina,2019,1131,876,575,338,210,15.69,0.588,5.39
SC,South Carolina,2020,1729,1396,1133,549,210,97.04,0.485,8.23
SC,South Carolina,2021,2166,1732,1528,778,210,34.86,0.509,10.31
SC,South Carolina,2022,2292,1861,1667,792,210,9.1,0.475,10.91
SC,South Carolina,2023,2153,1703,1552,763,210,-6.9,0.492,10.25
SC,South Carolina,2024,1479,1047,930,521,210,-40.08,0.56,7.04
SC,South Carolina,2025,1334,852,706,482,210,-24.09,0.683,6.35
SD,South Dakota,2015,62,NA,NA,NA,60,NA,NA,1.03
SD,South Dakota,2016,69,41,11,19,60,NA,1.727,1.15
SD,South Dakota,2017,75,37,13,25,60,18.18,1.923,1.25
SD,South Dakota,2018,57,27,14,11,60,7.69,0.786,0.95
SD,South Dakota,2019,88,38,25,32,60,78.57,1.28,1.47
SD,South Dakota,2020,74,36,25,28,60,0,1.12,1.23
SD,South Dakota,2021,101,43,32,51,60,28,1.594,1.68
SD,South Dakota,2022,84,36,28,36,60,-12.5,1.286,1.4
SD,South Dakota,2023,84,37,32,26,60,14.29,0.812,1.4
SD,South Dakota,2024,89,38,24,35,60,-25,1.458,1.48
SD,South Dakota,2025,91,41,23,23,60,-4.17,1,1.52
TN,Tennessee,2015,1455,1040,248,118,240,NA,0.476,6.06
TN,Tennessee,2016,1643,1200,394,191,240,58.87,0.485,6.85
TN,Tennessee,2017,1783,1275,600,321,240,52.28,0.535,7.43
TN,Tennessee,2018,1837,1309,824,465,240,37.33,0.564,7.65
TN,Tennessee,2019,2138,1566,1168,662,240,41.75,0.567,8.91
TN,Tennessee,2020,3090,2442,2129,1027,240,82.28,0.482,12.88
TN,Tennessee,2021,3861,3094,2850,1549,240,33.87,0.544,16.09
TN,Tennessee,2022,3862,3084,2863,1571,240,0.46,0.549,16.09
TN,Tennessee,2023,3693,2997,2840,1578,240,-0.8,0.556,15.39
TN,Tennessee,2024,2555,1850,1696,1024,240,-40.28,0.604,10.65
TN,Tennessee,2025,2132,1433,1275,895,240,-24.82,0.702,8.88
TX,Texas,2015,2579,NA,NA,NA,720,NA,NA,3.58
TX,Texas,2016,2812,NA,NA,NA,720,NA,NA,3.91
TX,Texas,2017,2950,NA,NA,NA,720,NA,NA,4.1
TX,Texas,2018,2971,NA,NA,NA,720,NA,NA,4.13
TX,Texas,2019,3123,1452,375,1078,720,NA,2.875,4.34
TX,Texas,2020,4154,2095,1012,1521,720,169.87,1.503,5.77
TX,Texas,2021,4912,2697,1788,1938,720,76.68,1.084,6.82
TX,Texas,2022,5457,3101,2387,2265,720,33.5,0.949,7.58
TX,Texas,2023,5727,3133,2550,2441,720,6.83,0.957,7.95
TX,Texas,2024,5028,2415,1870,2139,720,-26.67,1.144,6.98
TX,Texas,2025,4469,1925,1413,1864,720,-24.44,1.319,6.21
UT,Utah,2015,649,451,63,149,75,NA,2.365,8.65
UT,Utah,2016,650,475,77,147,75,22.22,1.909,8.67
UT,Utah,2017,645,456,88,195,75,14.29,2.216,8.6
UT,Utah,2018,630,439,84,233,75,-4.55,2.774,8.4
UT,Utah,2019,575,399,93,227,75,10.71,2.441,7.67
UT,Utah,2020,622,443,154,236,75,65.59,1.532,8.29
UT,Utah,2021,675,453,198,316,75,28.57,1.596,9
UT,Utah,2022,646,436,213,285,75,7.58,1.338,8.61
UT,Utah,2023,698,497,335,305,75,57.28,0.91,9.31
UT,Utah,2024,691,451,303,308,75,-9.55,1.017,9.21
UT,Utah,2025,675,426,258,286,75,-14.85,1.109,9
VA,Virginia,2015,1002,802,261,45,230,NA,0.172,4.36
VA,Virginia,2016,1356,1117,650,68,230,149.04,0.105,5.9
VA,Virginia,2017,1455,1198,797,101,230,22.62,0.127,6.33
VA,Virginia,2018,1434,1193,845,133,230,6.02,0.157,6.23
VA,Virginia,2019,1538,1252,970,208,230,14.79,0.214,6.69
VA,Virginia,2020,2185,1863,1640,405,230,69.07,0.247,9.5
VA,Virginia,2021,2603,2208,2047,566,230,24.82,0.277,11.32
VA,Virginia,2022,2491,2108,1972,571,230,-3.66,0.29,10.83
VA,Virginia,2023,2452,2054,1926,535,230,-2.33,0.278,10.66
VA,Virginia,2024,1547,1175,1064,370,230,-44.76,0.348,6.73
VA,Virginia,2025,1282,861,735,294,230,-30.92,0.4,5.57
VT,Vermont,2015,99,77,33,0,65,NA,0,1.52
VT,Vermont,2016,136,107,56,NA,65,69.7,NA,2.09
VT,Vermont,2017,128,110,73,NA,65,30.36,NA,1.97
VT,Vermont,2018,144,116,96,NA,65,31.51,NA,2.22
VT,Vermont,2019,118,102,88,NA,65,-8.33,NA,1.82
VT,Vermont,2020,186,154,133,19,65,51.14,0.143,2.86
VT,Vermont,2021,251,221,207,31,65,55.64,0.15,3.86
VT,Vermont,2022,266,232,218,26,65,5.31,0.119,4.09
VT,Vermont,2023,246,221,211,23,65,-3.21,0.109,3.78
VT,Vermont,2024,205,175,165,22,65,-21.8,0.133,3.15
VT,Vermont,2025,150,115,97,14,65,-41.21,0.144,2.31
WA,Washington,2015,1109,702,65,311,320,NA,4.785,3.47
WA,Washington,2016,1117,721,94,335,320,44.62,3.564,3.49
WA,Washington,2017,1168,744,136,397,320,44.68,2.919,3.65
WA,Washington,2018,1163,732,219,473,320,61.03,2.16,3.63
WA,Washington,2019,1251,815,328,541,320,49.77,1.649,3.91
WA,Washington,2020,1726,1188,661,724,320,101.52,1.095,5.39
WA,Washington,2021,2264,1625,1215,1145,320,83.81,0.942,7.08
WA,Washington,2022,2753,2101,1899,1388,320,56.3,0.731,8.6
WA,Washington,2023,3512,2865,2687,1936,320,41.5,0.721,10.97
WA,Washington,2024,3183,2537,2342,1877,320,-12.84,0.801,9.95
WA,Washington,2025,2965,2334,2145,1771,320,-8.41,0.826,9.27
WI,Wisconsin,2015,873,NA,NA,NA,170,NA,NA,5.14
WI,Wisconsin,2016,1079,866,287,77,170,NA,0.268,6.35
WI,Wisconsin,2017,1177,934,464,126,170,61.67,0.272,6.92
WI,Wisconsin,2018,1087,850,501,115,170,7.97,0.23,6.39
WI,Wisconsin,2019,1200,929,657,166,170,31.14,0.253,7.06
WI,Wisconsin,2020,1531,1257,1076,276,170,63.77,0.257,9.01
WI,Wisconsin,2021,1759,1427,1293,361,170,20.17,0.279,10.35
WI,Wisconsin,2022,1780,1421,1296,394,170,0.23,0.304,10.47
WI,Wisconsin,2023,1744,1406,1297,384,170,0.08,0.296,10.26
WI,Wisconsin,2024,1167,808,708,254,170,-45.41,0.359,6.86
WI,Wisconsin,2025,970,613,510,214,170,-27.97,0.42,5.71
WV,West Virginia,2015,729,636,224,66,155,NA,0.295,4.7
WV,West Virginia,2016,879,734,432,115,155,92.86,0.266,5.67
WV,West Virginia,2017,997,860,644,236,155,49.07,0.366,6.43
WV,West Virginia,2018,882,730,574,332,155,-10.87,0.578,5.69
WV,West Virginia,2019,852,665,567,393,155,-1.22,0.693,5.5
WV,West Virginia,2020,1331,1137,1052,629,155,85.54,0.598,8.59
WV,West Virginia,2021,1506,1250,1193,838,155,13.4,0.702,9.72
WV,West Virginia,2022,1318,1139,1074,730,155,-9.97,0.68,8.5
WV,West Virginia,2023,1389,1205,1158,786,155,7.82,0.679,8.96
WV,West Virginia,2024,819,636,586,471,155,-49.4,0.804,5.28
WV,West Virginia,2025,669,494,447,353,155,-23.72,0.79,4.32
WY,Wyoming,2015,92,NA,NA,NA,35,NA,NA,2.63
WY,Wyoming,2016,93,NA,NA,NA,35,NA,NA,2.66
WY,Wyoming,2017,66,44,14,19,35,NA,1.357,1.89
WY,Wyoming,2018,61,41,NA,19,35,NA,NA,1.74
WY,Wyoming,2019,72,43,16,23,35,NA,1.438,2.06
WY,Wyoming,2020,101,60,27,32,35,68.75,1.185,2.89
WY,Wyoming,2021,101,62,36,43,35,33.33,1.194,2.89
WY,Wyoming,2022,123,79,58,51,35,61.11,0.879,3.51
WY,Wyoming,2023,127,84,54,47,35,-6.9,0.87,3.63
WY,Wyoming,2024,107,58,32,49,35,-40.74,1.531,3.06
WY,Wyoming,2025,82,42,23,40,35,-28.12,1.739,2.34
