state_code,state_name,year,total_overdose_deaths,all_opioids_deaths,psychostimulant_deaths,synthetic_opioid_deaths
AK,Alaska,2015,121,NA,NA,NA
AK,Alaska,2016,129,96,53,NA
AK,Alaska,2017,141,100,64,37
AK,Alaska,2018,105,65,49,16
AK,Alaska,2019,133,83,64,23
AK,Alaska,2020,146,102,67,61
AK,Alaska,2021,255,198,160,150
AK,Alaska,2022,247,185,140,156
AK,Alaska,2023,357,286,198,270
AK,Alaska,2024,339,276,202,255
AK,Alaska,2025,331,238,209,217
AL,Alabama,2015,720,NA,NA,NA
AL,Alabama,2016,740,NA,NA,NA
AL,Alabama,2017,807,NA,NA,NA
AL,Alabama,2018,740,NA,NA,NA
AL,Alabama,2019,739,NA,NA,NA
AL,Alabama,2020,989,NA,NA,NA
AL,Alabama,2021,1333,NA,NA,NA
AL,Alabama,2022,1452,1076,576,971
AL,Alabama,2023,1598,1196,605,1099
AL,Alabama,2024,1176,797,491,714
AL,Alabama,2025,865,506,348,431
AR,Arkansas,2015,381,NA,NA,NA
AR,Arkansas,2016,386,NA,NA,NA
AR,Arkansas,2017,425,NA,NA,NA
AR,Arkansas,2018,433,NA,NA,NA
AR,Arkansas,2019,362,NA,NA,NA
AR,Arkansas,2020,514,NA,NA,NA
AR,Arkansas,2021,627,NA,NA,NA
AR,Arkansas,2022,591,359,246,292
AR,Arkansas,2023,517,312,206,269
AR,Arkansas,2024,389,163,192,125
AR,Arkansas,2025,373,160,160,114
AZ,Arizona,2015,1267,NA,NA,NA
AZ,Arizona,2016,1393,NA,NA,NA
AZ,Arizona,2017,1555,936,581,263
AZ,Arizona,2018,1730,1134,612,527
AZ,Arizona,2019,1981,1326,765,824
AZ,Arizona,2020,2644,1928,1078,1519
AZ,Arizona,2021,2780,2034,1296,1792
AZ,Arizona,2022,2737,1965,1401,1776
AZ,Arizona,2023,2720,2009,1447,1836
AZ,Arizona,2024,2531,1727,1545,1525
AZ,Arizona,2025,2978,2238,1775,2018
CA,California,2015,4762,NA,NA,NA
CA,California,2016,4755,NA,NA,NA
CA,California,2017,5028,NA,NA,NA
CA,California,2018,5494,NA,NA,NA
CA,California,2019,6363,3324,3001,1727
CA,California,2020,9209,5707,4644,4195
CA,California,2021,11398,7538,6096,6411
CA,California,2022,11761,7929,6424,7045
CA,California,2023,12369,8653,6928,7954
CA,California,2024,9687,5929,5685,5265
CA,California,2025,9017,5329,5251,4632
CO,Colorado,2015,913,NA,NA,NA
CO,Colorado,2016,965,NA,NA,NA
CO,Colorado,2017,1040,NA,NA,NA
CO,Colorado,2018,1004,568,330,130
CO,Colorado,2019,1100,644,367,251
CO,Colorado,2020,1512,987,537,586
CO,Colorado,2021,1917,1300,760,987
CO,Colorado,2022,1856,1207,728,992
CO,Colorado,2023,1926,1348,846,1184
CO,Colorado,2024,1640,1016,815,817
CO,Colorado,2025,1817,1223,877,1043
CT,Connecticut,2015,799,686,23,214
CT,Connecticut,2016,974,869,22,508
CT,Connecticut,2017,1080,967,39,696
CT,Connecticut,2018,1070,957,66,779
CT,Connecticut,2019,1231,1119,69,974
CT,Connecticut,2020,1385,1258,91,1150
CT,Connecticut,2021,1562,1411,92,1303
CT,Connecticut,2022,1476,1345,77,1253
CT,Connecticut,2023,1330,1202,81,1121
CT,Connecticut,2024,998,858,66,766
CT,Connecticut,2025,854,682,59,584
DC,District of Columbia,2015,144,112,NA,28
DC,District of Columbia,2016,300,230,NA,147
DC,District of Columbia,2017,348,271,14,203
DC,District of Columbia,2018,295,213,NA,182
DC,District of Columbia,2019,367,281,12,255
DC,District of Columbia,2020,511,409,12,384
DC,District of Columbia,2021,541,418,15,397
DC,District of Columbia,2022,575,452,18,433
DC,District of Columbia,2023,635,507,39,493
DC,District of Columbia,2024,408,328,46,315
DC,District of Columbia,2025,354,229,32,222
DE,Delaware,2015,195,NA,NA,NA
DE,Delaware,2016,285,NA,NA,NA
DE,Delaware,2017,341,NA,NA,NA
DE,Delaware,2018,399,361,13,300
DE,Delaware,2019,423,382,22,336
DE,Delaware,2020,449,411,50,367
DE,Delaware,2021,502,447,52,409
DE,Delaware,2022,544,485,64,450
DE,Delaware,2023,527,466,57,442
DE,Delaware,2024,351,299,47,269
DE,Delaware,2025,327,260,30,234
FL,Florida,2015,3352,NA,NA,NA
FL,Florida,2016,4996,NA,NA,NA
FL,Florida,2017,5440,NA,NA,NA
FL,Florida,2018,4936,NA,NA,NA
FL,Florida,2019,5524,3981,842,3039
FL,Florida,2020,7568,NA,NA,NA
FL,Florida,2021,8163,6196,1967,5602
FL,Florida,2022,7894,5833,1989,5326
FL,Florida,2023,7330,5260,1926,4801
FL,Florida,2024,5151,NA,NA,NA
FL,Florida,2025,4071,2340,1100,1940
GA,Georgia,2015,1308,868,224,293
GA,Georgia,2016,1370,911,243,271
GA,Georgia,2017,1516,1003,363,406
GA,Georgia,2018,1375,853,388,330
GA,Georgia,2019,1378,837,438,383
GA,Georgia,2020,1868,1259,584,856
GA,Georgia,2021,2438,1734,962,1379
GA,Georgia,2022,2619,1917,937,1657
GA,Georgia,2023,2520,1843,963,1642
GA,Georgia,2024,2010,1265,774,1074
GA,Georgia,2025,1655,923,638,753
HI,Hawaii,2015,171,NA,NA,NA
HI,Hawaii,2016,199,82,104,11
HI,Hawaii,2017,202,NA,NA,NA
HI,Hawaii,2018,212,58,148,15
HI,Hawaii,2019,245,56,172,19
HI,Hawaii,2020,276,73,197,34
HI,Hawaii,2021,267,88,179,48
HI,Hawaii,2022,283,103,180,75
HI,Hawaii,2023,321,130,196,110
HI,Hawaii,2024,337,127,237,108
HI,Hawaii,2025,315,89,219,77
IA,Iowa,2015,300,164,62,44
IA,Iowa,2016,314,180,78,55
IA,Iowa,2017,341,206,96,97
IA,Iowa,2018,277,138,94,78
IA,Iowa,2019,350,157,163,101
IA,Iowa,2020,419,213,164,162
IA,Iowa,2021,471,258,196,213
IA,Iowa,2022,473,237,210,203
IA,Iowa,2023,447,238,219,194
IA,Iowa,2024,427,172,242,125
IA,Iowa,2025,372,125,205,79
ID,Idaho,2015,214,NA,NA,NA
ID,Idaho,2016,228,NA,NA,NA
ID,Idaho,2017,234,NA,NA,NA
ID,Idaho,2018,243,NA,NA,NA
ID,Idaho,2019,264,NA,NA,NA
ID,Idaho,2020,280,NA,NA,NA
ID,Idaho,2021,345,226,131,150
ID,Idaho,2022,362,251,124,186
ID,Idaho,2023,367,251,143,200
ID,Idaho,2024,326,196,134,125
ID,Idaho,2025,294,182,120,119
IL,Illinois,2015,1864,1419,56,277
IL,Illinois,2016,2427,1985,107,927
IL,Illinois,2017,2765,2214,160,1260
IL,Illinois,2018,2732,2193,243,1593
IL,Illinois,2019,2775,2232,240,1714
IL,Illinois,2020,3531,2953,411,2478
IL,Illinois,2021,3786,3102,532,2758
IL,Illinois,2022,3863,3213,523,2946
IL,Illinois,2023,3537,2907,541,2654
IL,Illinois,2024,2521,1873,398,1668
IL,Illinois,2025,1961,1285,330,1084
IN,Indiana,2015,1232,NA,NA,NA
IN,Indiana,2016,1506,NA,NA,NA
IN,Indiana,2017,1835,NA,NA,NA
IN,Indiana,2018,1612,NA,NA,NA
IN,Indiana,2019,1704,1256,520,908
IN,Indiana,2020,2267,1828,701,1600
IN,Indiana,2021,2789,2181,976,1985
IN,Indiana,2022,2666,2051,955,1898
IN,Indiana,2023,2193,1663,775,1550
IN,Indiana,2024,1695,1151,640,1044
IN,Indiana,2025,1395,838,482,716
KS,Kansas,2015,323,NA,NA,NA
KS,Kansas,2016,313,NA,NA,NA
KS,Kansas,2017,323,NA,NA,NA
KS,Kansas,2018,341,NA,NA,NA
KS,Kansas,2019,380,171,154,68
KS,Kansas,2020,473,252,184,159
KS,Kansas,2021,682,432,287,344
KS,Kansas,2022,755,509,331,421
KS,Kansas,2023,641,414,266,347
KS,Kansas,2024,560,346,256,286
KS,Kansas,2025,528,285,258,228
KY,Kentucky,2015,1248,NA,NA,NA
KY,Kentucky,2016,1437,NA,NA,NA
KY,Kentucky,2017,1566,NA,NA,NA
KY,Kentucky,2018,1336,1001,373,743
KY,Kentucky,2019,1369,1024,465,815
KY,Kentucky,2020,2104,1709,753,1522
KY,Kentucky,2021,2397,1912,1063,1731
KY,Kentucky,2022,2309,1803,1049,1650
KY,Kentucky,2023,2131,1662,937,1509
KY,Kentucky,2024,1538,1063,698,934
KY,Kentucky,2025,1177,706,545,552
LA,Louisiana,2015,875,NA,NA,NA
LA,Louisiana,2016,1004,NA,NA,NA
LA,Louisiana,2017,1102,NA,NA,NA
LA,Louisiana,2018,1167,NA,NA,NA
LA,Louisiana,2019,1304,NA,NA,NA
LA,Louisiana,2020,1929,NA,NA,NA
LA,Louisiana,2021,2512,NA,NA,NA
LA,Louisiana,2022,2433,NA,NA,NA
LA,Louisiana,2023,2255,NA,NA,NA
LA,Louisiana,2024,1503,NA,NA,NA
LA,Louisiana,2025,1207,NA,NA,NA
MA,Massachusetts,2015,1723,1549,43,957
MA,Massachusetts,2016,2198,1978,39,1552
MA,Massachusetts,2017,2138,1896,61,1645
MA,Massachusetts,2018,2238,1996,70,1813
MA,Massachusetts,2019,2215,1977,95,1876
MA,Massachusetts,2020,2296,2059,165,1942
MA,Massachusetts,2021,2555,2238,213,2150
MA,Massachusetts,2022,2647,2334,211,2230
MA,Massachusetts,2023,2380,2104,216,2008
MA,Massachusetts,2024,1598,1341,168,1257
MA,Massachusetts,2025,1337,981,153,879
MD,Maryland,2015,1320,1130,25,373
MD,Maryland,2016,2074,1866,46,1122
MD,Maryland,2017,2284,2037,51,1598
MD,Maryland,2018,2393,2150,66,1890
MD,Maryland,2019,2360,2117,74,1926
MD,Maryland,2020,2761,2509,126,2335
MD,Maryland,2021,2724,2457,121,2297
MD,Maryland,2022,2523,2212,127,2047
MD,Maryland,2023,2493,2176,124,2034
MD,Maryland,2024,1750,1457,102,1309
MD,Maryland,2025,1386,1087,89,936
ME,Maine,2015,267,235,22,110
ME,Maine,2016,357,306,31,204
ME,Maine,2017,409,348,40,262
ME,Maine,2018,338,277,42,226
ME,Maine,2019,362,317,67,278
ME,Maine,2020,490,415,122,359
ME,Maine,2021,620,552,198,501
ME,Maine,2022,706,622,232,573
ME,Maine,2023,592,512,193,487
ME,Maine,2024,478,385,180,346
ME,Maine,2025,376,275,128,222
MI,Michigan,2015,1973,NA,NA,NA
MI,Michigan,2016,2342,NA,NA,NA
MI,Michigan,2017,2665,NA,NA,NA
MI,Michigan,2018,2575,2009,165,1535
MI,Michigan,2019,2358,NA,NA,NA
MI,Michigan,2020,2750,2185,385,1929
MI,Michigan,2021,3092,2546,516,2295
MI,Michigan,2022,2969,2409,480,2215
MI,Michigan,2023,2885,2306,496,2148
MI,Michigan,2024,1945,1355,356,1181
MI,Michigan,2025,1760,1154,313,959
MN,Minnesota,2015,592,NA,NA,NA
MN,Minnesota,2016,664,NA,NA,NA
MN,Minnesota,2017,728,NA,NA,NA
MN,Minnesota,2018,639,NA,NA,NA
MN,Minnesota,2019,788,NA,NA,NA
MN,Minnesota,2020,1065,NA,NA,NA
MN,Minnesota,2021,1344,964,477,868
MN,Minnesota,2022,1392,1039,518,958
MN,Minnesota,2023,1341,1003,563,944
MN,Minnesota,2024,994,678,389,610
MN,Minnesota,2025,1025,671,430,576
MO,Missouri,2015,1087,NA,NA,NA
MO,Missouri,2016,1386,NA,NA,NA
MO,Missouri,2017,1398,NA,NA,NA
MO,Missouri,2018,1635,1153,369,881
MO,Missouri,2019,1603,1105,450,897
MO,Missouri,2020,1915,1411,570,1236
MO,Missouri,2021,2195,1614,728,1477
MO,Missouri,2022,2212,1605,741,1486
MO,Missouri,2023,2014,1476,734,1381
MO,Missouri,2024,1482,934,569,839
MO,Missouri,2025,1238,729,499,644
MS,Mississippi,2015,333,NA,NA,NA
MS,Mississippi,2016,332,NA,NA,NA
MS,Mississippi,2017,329,NA,NA,NA
MS,Mississippi,2018,290,NA,NA,NA
MS,Mississippi,2019,365,231,125,130
MS,Mississippi,2020,532,369,211,280
MS,Mississippi,2021,746,531,314,453
MS,Mississippi,2022,702,497,302,435
MS,Mississippi,2023,633,446,275,400
MS,Mississippi,2024,491,287,238,250
MS,Mississippi,2025,451,248,185,192
MT,Montana,2015,131,NA,NA,NA
MT,Montana,2016,114,NA,NA,NA
MT,Montana,2017,118,NA,NA,NA
MT,Montana,2018,117,NA,NA,NA
MT,Montana,2019,139,NA,NA,NA
MT,Montana,2020,157,85,65,30
MT,Montana,2021,189,108,79,64
MT,Montana,2022,191,116,82,89
MT,Montana,2023,184,126,90,95
MT,Montana,2024,171,96,82,73
MT,Montana,2025,175,116,90,91
NC,North Carolina,2015,1537,1159,62,301
NC,North Carolina,2016,1931,1497,113,591
NC,North Carolina,2017,2369,1921,170,1270
NC,North Carolina,2018,2246,1781,254,1280
NC,North Carolina,2019,2236,1793,334,1344
NC,North Carolina,2020,3121,2602,578,2252
NC,North Carolina,2021,3900,3285,944,3008
NC,North Carolina,2022,4255,3602,1290,3339
NC,North Carolina,2023,3489,NA,NA,NA
NC,North Carolina,2024,2771,2132,834,1951
NC,North Carolina,2025,2019,1468,599,1296
ND,North Dakota,2015,66,NA,NA,NA
ND,North Dakota,2016,80,NA,NA,NA
ND,North Dakota,2017,76,NA,NA,NA
ND,North Dakota,2018,70,NA,NA,NA
ND,North Dakota,2019,90,NA,NA,NA
ND,North Dakota,2020,123,NA,NA,NA
ND,North Dakota,2021,136,NA,NA,NA
ND,North Dakota,2022,141,NA,NA,NA
ND,North Dakota,2023,127,94,39,83
ND,North Dakota,2024,120,NA,NA,NA
ND,North Dakota,2025,130,84,37,56
NE,Nebraska,2015,123,NA,NA,NA
NE,Nebraska,2016,113,NA,NA,NA
NE,Nebraska,2017,157,NA,NA,NA
NE,Nebraska,2018,140,NA,NA,NA
NE,Nebraska,2019,146,NA,NA,NA
NE,Nebraska,2020,210,NA,NA,NA
NE,Nebraska,2021,218,116,63,92
NE,Nebraska,2022,223,NA,NA,NA
NE,Nebraska,2023,171,80,58,62
NE,Nebraska,2024,145,NA,NA,NA
NE,Nebraska,2025,146,61,40,29
NH,New Hampshire,2015,415,378,NA,285
NH,New Hampshire,2016,458,415,12,347
NH,New Hampshire,2017,478,434,23,387
NH,New Hampshire,2018,446,406,29,379
NH,New Hampshire,2019,395,354,58,334
NH,New Hampshire,2020,393,347,60,324
NH,New Hampshire,2021,433,377,64,345
NH,New Hampshire,2022,484,428,106,413
NH,New Hampshire,2023,430,389,65,369
NH,New Hampshire,2024,282,246,43,222
NH,New Hampshire,2025,269,200,48,178
NJ,New Jersey,2015,1423,NA,NA,NA
NJ,New Jersey,2016,1971,NA,NA,NA
NJ,New Jersey,2017,2621,NA,NA,NA
NJ,New Jersey,2018,2857,2564,143,2213
NJ,New Jersey,2019,2774,2487,199,2213
NJ,New Jersey,2020,2817,2532,262,2324
NJ,New Jersey,2021,3009,2638,285,2466
NJ,New Jersey,2022,2945,2606,343,2462
NJ,New Jersey,2023,2667,2321,256,2172
NJ,New Jersey,2024,1951,1598,217,1479
NJ,New Jersey,2025,1575,1239,148,1094
NM,New Mexico,2015,496,353,118,41
NM,New Mexico,2016,494,356,135,78
NM,New Mexico,2017,494,336,159,75
NM,New Mexico,2018,525,334,211,103
NM,New Mexico,2019,609,405,278,156
NM,New Mexico,2020,792,532,342,315
NM,New Mexico,2021,1040,746,541,595
NM,New Mexico,2022,1007,722,498,640
NM,New Mexico,2023,994,719,504,655
NM,New Mexico,2024,784,502,453,428
NM,New Mexico,2025,960,682,570,617
NV,Nevada,2015,665,446,190,36
NV,Nevada,2016,707,423,257,50
NV,Nevada,2017,756,438,310,74
NV,Nevada,2018,741,396,351,86
NV,Nevada,2019,710,411,336,123
NV,Nevada,2020,915,597,442,300
NV,Nevada,2021,1039,622,536,364
NV,Nevada,2022,1127,694,633,491
NV,Nevada,2023,1400,935,798,772
NV,Nevada,2024,1473,937,898,799
NV,Nevada,2025,1229,NA,NA,NA
NY,New York,2015,1802,1452,36,532
NY,New York,2016,2248,1928,90,1095
NY,New York,2017,2444,2063,126,1455
NY,New York,2018,2236,1856,111,1364
NY,New York,2019,2086,1700,148,1344
NY,New York,2020,2874,2451,286,2142
NY,New York,2021,3170,2678,357,2432
NY,New York,2022,3401,2841,440,2592
NY,New York,2023,3408,2870,440,2656
NY,New York,2024,2331,1750,346,1555
NY,New York,2025,1777,1209,245,1015
OH,Ohio,2015,3336,2733,112,1244
OH,Ohio,2016,4326,3627,242,2305
OH,Ohio,2017,5138,4327,551,3550
OH,Ohio,2018,4004,3259,576,2818
OH,Ohio,2019,4279,3484,838,3150
OH,Ohio,2020,5215,4397,1069,4126
OH,Ohio,2021,5405,4479,1361,4209
OH,Ohio,2022,5144,4237,1374,3997
OH,Ohio,2023,4745,3810,1306,3600
OH,Ohio,2024,3144,2276,850,2084
OH,Ohio,2025,2452,1552,631,1344
OK,Oklahoma,2015,722,427,199,92
OK,Oklahoma,2016,803,432,267,95
OK,Oklahoma,2017,770,387,278,97
OK,Oklahoma,2018,703,300,327,71
OK,Oklahoma,2019,618,249,317,70
OK,Oklahoma,2020,746,305,413,138
OK,Oklahoma,2021,934,444,512,318
OK,Oklahoma,2022,1183,740,627,626
OK,Oklahoma,2023,1258,826,659,745
OK,Oklahoma,2024,1017,595,594,515
OK,Oklahoma,2025,857,476,484,399
OR,Oregon,2015,497,328,124,33
OR,Oregon,2016,496,306,149,41
OR,Oregon,2017,534,344,175,86
OR,Oregon,2018,556,346,225,96
OR,Oregon,2019,610,326,294,83
OR,Oregon,2020,797,495,365,239
OR,Oregon,2021,1181,783,621,532
OR,Oregon,2022,1387,991,767,859
OR,Oregon,2023,1851,1454,1125,1338
OR,Oregon,2024,1529,1106,935,998
OR,Oregon,2025,1054,NA,NA,NA
PA,Pennsylvania,2015,3263,NA,NA,NA
PA,Pennsylvania,2016,4648,NA,NA,NA
PA,Pennsylvania,2017,5434,NA,NA,NA
PA,Pennsylvania,2018,4415,NA,NA,NA
PA,Pennsylvania,2019,4444,NA,NA,NA
PA,Pennsylvania,2020,5178,NA,NA,NA
PA,Pennsylvania,2021,5444,NA,NA,NA
PA,Pennsylvania,2022,5212,NA,NA,NA
PA,Pennsylvania,2023,4746,NA,NA,NA
PA,Pennsylvania,2024,3360,2291,645,2082
PA,Pennsylvania,2025,2852,1841,556,1639
PR,Puerto Rico,2015,32,NA,NA,NA
PR,Puerto Rico,2016,49,NA,NA,NA
PR,Puerto Rico,2017,63,NA,NA,NA
PR,Puerto Rico,2018,63,NA,NA,NA
PR,Puerto Rico,2019,175,NA,NA,NA
PR,Puerto Rico,2020,156,NA,NA,NA
PR,Puerto Rico,2021,639,547,0,532
PR,Puerto Rico,2022,792,692,NA,686
PR,Puerto Rico,2023,769,628,NA,621
PR,Puerto Rico,2024,608,476,NA,468
PR,Puerto Rico,2025,457,310,NA,304
RI,Rhode Island,2015,319,268,NA,144
RI,Rhode Island,2016,346,297,11,197
RI,Rhode Island,2017,332,284,13,208
RI,Rhode Island,2018,331,280,14,226
RI,Rhode Island,2019,317,252,20,213
RI,Rhode Island,2020,397,330,35,291
RI,Rhode Island,2021,460,387,58,346
RI,Rhode Island,2022,452,357,46,330
RI,Rhode Island,2023,416,345,44,315
RI,Rhode Island,2024,333,232,38,202
RI,Rhode Island,2025,219,161,26,136
SC,South Carolina,2015,736,537,86,153
SC,South Carolina,2016,871,613,129,234
SC,South Carolina,2017,1001,748,194,397
SC,South Carolina,2018,1106,818,243,497
SC,South Carolina,2019,1131,876,338,575
SC,South Carolina,2020,1729,1396,549,1133
SC,South Carolina,2021,2166,1732,778,1528
SC,South Carolina,2022,2292,1861,792,1667
SC,South Carolina,2023,2153,1703,763,1552
SC,South Carolina,2024,1479,1047,521,930
SC,South Carolina,2025,1334,852,482,706
SD,South Dakota,2015,62,NA,NA,NA
SD,South Dakota,2016,69,41,19,11
SD,South Dakota,2017,75,37,25,13
SD,South Dakota,2018,57,27,11,14
SD,South Dakota,2019,88,38,32,25
SD,South Dakota,2020,74,36,28,25
SD,South Dakota,2021,101,43,51,32
SD,South Dakota,2022,84,36,36,28
SD,South Dakota,2023,84,37,26,32
SD,South Dakota,2024,89,38,35,24
SD,South Dakota,2025,91,41,23,23
TN,Tennessee,2015,1455,1040,118,248
TN,Tennessee,2016,1643,1200,191,394
TN,Tennessee,2017,1783,1275,321,600
TN,Tennessee,2018,1837,1309,465,824
TN,Tennessee,2019,2138,1566,662,1168
TN,Tennessee,2020,3090,2442,1027,2129
TN,Tennessee,2021,3861,3094,1549,2850
TN,Tennessee,2022,3862,3084,1571,2863
TN,Tennessee,2023,3693,2997,1578,2840
TN,Tennessee,2024,2555,1850,1024,1696
TN,Tennessee,2025,2132,1433,895,1275
TX,Texas,2015,2579,NA,NA,NA
TX,Texas,2016,2812,NA,NA,NA
TX,Texas,2017,2950,NA,NA,NA
TX,Texas,2018,2971,NA,NA,NA
TX,Texas,2019,3123,1452,1078,375
TX,Texas,2020,4154,2095,1521,1012
TX,Texas,2021,4912,2697,1938,1788
TX,Texas,2022,5457,3101,2265,2387
TX,Texas,2023,5727,3133,2441,2550
TX,Texas,2024,5028,2415,2139,1870
TX,Texas,2025,4469,1925,1864,1413
US,United States,2015,52623,33203,5777,9610
US,United States,2016,63938,42435,7610,19500
US,United States,2017,70699,47885,10435,28659
US,United States,2018,67850,47096,12843,31525
US,United States,2019,71130,50178,16342,36603
US,United States,2020,92478,69061,24134,56894
US,United States,2021,107573,80997,32962,71143
US,United States,2022,109413,82851,34842,74829
US,United States,2023,106881,80719,35982,74091
US,United States,2024,80860,55007,29641,48662
US,United States,2025,69939,44535,26020,38056
UT,Utah,2015,649,451,149,63
UT,Utah,2016,650,475,147,77
UT,Utah,2017,645,456,195,88
UT,Utah,2018,630,439,233,84
UT,Utah,2019,575,399,227,93
UT,Utah,2020,622,443,236,154
UT,Utah,2021,675,453,316,198
UT,Utah,2022,646,436,285,213
UT,Utah,2023,698,497,305,335
UT,Utah,2024,691,451,308,303
UT,Utah,2025,675,426,286,258
VA,Virginia,2015,1002,802,45,261
VA,Virginia,2016,1356,1117,68,650
VA,Virginia,2017,1455,1198,101,797
VA,Virginia,2018,1434,1193,133,845
VA,Virginia,2019,1538,1252,208,970
VA,Virginia,2020,2185,1863,405,1640
VA,Virginia,2021,2603,2208,566,2047
VA,Virginia,2022,2491,2108,571,1972
VA,Virginia,2023,2452,2054,535,1926
VA,Virginia,2024,1547,1175,370,1064
VA,Virginia,2025,1282,861,294,735
VT,Vermont,2015,99,77,0,33
VT,Vermont,2016,136,107,NA,56
VT,Vermont,2017,128,110,NA,73
VT,Vermont,2018,144,116,NA,96
VT,Vermont,2019,118,102,NA,88
VT,Vermont,2020,186,154,19,133
VT,Vermont,2021,251,221,31,207
VT,Vermont,2022,266,232,26,218
VT,Vermont,2023,246,221,23,211
VT,Vermont,2024,205,175,22,165
VT,Vermont,2025,150,115,14,97
WA,Washington,2015,1109,702,311,65
WA,Washington,2016,1117,721,335,94
WA,Washington,2017,1168,744,397,136
WA,Washington,2018,1163,732,473,219
WA,Washington,2019,1251,815,541,328
WA,Washington,2020,1726,1188,724,661
WA,Washington,2021,2264,1625,1145,1215
WA,Washington,2022,2753,2101,1388,1899
WA,Washington,2023,3512,2865,1936,2687
WA,Washington,2024,3183,2537,1877,2342
WA,Washington,2025,2965,2334,1771,2145
WI,Wisconsin,2015,873,NA,NA,NA
WI,Wisconsin,2016,1079,866,77,287
WI,Wisconsin,2017,1177,934,126,464
WI,Wisconsin,2018,1087,850,115,501
WI,Wisconsin,2019,1200,929,166,657
WI,Wisconsin,2020,1531,1257,276,1076
WI,Wisconsin,2021,1759,1427,361,1293
WI,Wisconsin,2022,1780,1421,394,1296
WI,Wisconsin,2023,1744,1406,384,1297
WI,Wisconsin,2024,1167,808,254,708
WI,Wisconsin,2025,970,613,214,510
WV,West Virginia,2015,729,636,66,224
WV,West Virginia,2016,879,734,115,432
WV,West Virginia,2017,997,860,236,644
WV,West Virginia,2018,882,730,332,574
WV,West Virginia,2019,852,665,393,567
WV,West Virginia,2020,1331,1137,629,1052
WV,West Virginia,2021,1506,1250,838,1193
WV,West Virginia,2022,1318,1139,730,1074
WV,West Virginia,2023,1389,1205,786,1158
WV,West Virginia,2024,819,636,471,586
WV,West Virginia,2025,669,494,353,447
WY,Wyoming,2015,92,NA,NA,NA
WY,Wyoming,2016,93,NA,NA,NA
WY,Wyoming,2017,66,44,19,14
WY,Wyoming,2018,61,41,19,NA
WY,Wyoming,2019,72,43,23,16
WY,Wyoming,2020,101,60,32,27
WY,Wyoming,2021,101,62,43,36
WY,Wyoming,2022,123,79,51,58
WY,Wyoming,2023,127,84,47,54
WY,Wyoming,2024,107,58,49,32
WY,Wyoming,2025,82,42,40,23
YC,New York City,2015,959,726,47,136
YC,New York City,2016,1424,1136,57,579
YC,New York City,2017,1493,1201,68,805
YC,New York City,2018,1482,1155,66,845
YC,New York City,2019,1548,1253,80,1004
YC,New York City,2020,2131,1839,129,1626
YC,New York City,2021,2775,2346,237,2160
YC,New York City,2022,3142,2691,214,2514
YC,New York City,2023,3111,2635,247,2464
YC,New York City,2024,2254,1775,233,1619
YC,New York City,2025,1942,1394,188,1270
